TDSFU Daily run: Mon Oct 27 05:12:15 UTC 2025 TDSFU
TDSFU Daily run: Tue Oct 28 04:35:20 UTC 2025 TDSFU
TDSFU Daily run: Wed Oct 29 04:40:47 UTC 2025 TDSFU
TDSFU Daily run: Thu Oct 30 04:34:48 UTC 2025 TDSFU
TDSFU Daily run: Fri Oct 31 04:37:05 UTC 2025 TDSFU
TDSFU Daily run: Sat Nov  1 04:33:04 UTC 2025 TDSFU
TDSFU Daily run: Sun Nov  2 04:34:50 UTC 2025 TDSFU
TDSFU Daily run: Mon Nov  3 04:41:47 UTC 2025 TDSFU
TDSFU Daily run: Tue Nov  4 04:35:22 UTC 2025 TDSFU
TDSFU Daily run: Wed Nov  5 04:35:39 UTC 2025 TDSFU
TDSFU Daily run: Thu Nov  6 04:41:07 UTC 2025 TDSFU
TDSFU Daily run: Fri Nov  7 04:35:01 UTC 2025 TDSFU
TDSFU Daily run: Sat Nov  8 04:33:49 UTC 2025 TDSFU
TDSFU Daily run: Sun Nov  9 04:34:27 UTC 2025 TDSFU
TDSFU Daily run: Mon Nov 10 04:40:25 UTC 2025 TDSFU
TDSFU Daily run: Tue Nov 11 04:37:50 UTC 2025 TDSFU
TDSFU Daily run: Wed Nov 12 04:37:41 UTC 2025 TDSFU
